Force,Angle,XPos,Distance,Score
64.11976,15,43.0447,2,1000000
34.11000,23,43.0447,2,999900
4.34000,39,43.0447,2,999900
4.21000,40,43.0447,2,999900
4.09000,41,43.0447,2,999900
4.00000,42,43.0447,2,999900
3.91000,43,43.0447,2,999900
3.83000,44,43.0447,2,999900
3.75000,45,43.0447,2,1000000
3.69000,46,43.0447,2,1000000
3.64000,47,43.0447,2,1000000
3.59000,48,43.0447,2,1000000
3.55000,49,43.0447,2,1000000
3.51000,50,43.0447,2,1000000
3.48000,51,43.0447,2,1000000
3.46000,52,43.0447,2,1000000
3.44000,53,43.0447,2,1000000
3.42000,54,43.0447,2,1000000
3.40000,55,43.0447,2,1000000
3.40000,56,43.0447,2,1000000
3.39000,57,43.0447,2,1000000
3.39000,58,43.0447,2,1000000
3.39000,59,43.0447,2,1000000
3.40000,60,43.0447,2,1000000
3.41000,61,43.0447,2,1000000
3.42000,62,43.0447,2,1000000
3.44000,63,43.0447,2,1000000
3.46000,64,43.0447,2,1000000
3.49000,65,43.0447,2,1000000
3.52000,66,43.0447,2,1000000
3.56000,67,43.0447,2,1000000
3.61000,68,43.0447,2,1000000
3.66000,69,43.0447,2,1000000
32.88000,17,42.0447,3,999900
32.24000,18,42.0447,3,999900
5.65625,29,42.0447,3,999900
5.44187,30,42.0447,3,999900
5.23187,31,42.0447,3,1000000
5.09000,32,42.0447,3,999900
4.94000,33,42.0447,3,1000000
4.80000,34,42.0447,3,1000000
4.69000,35,42.0447,3,1000000
4.59000,36,42.0447,3,1000000
4.50000,37,42.0447,3,1000000
4.42000,38,42.0447,3,1000000
4.35000,39,42.0447,3,1000000
4.28000,40,42.0447,3,1000000
4.23000,41,42.0447,3,1000000
4.17000,42,42.0447,3,1000000
4.13000,43,42.0447,3,1000000
4.09000,44,42.0447,3,1000000
4.05000,45,42.0447,3,1000000
4.02000,46,42.0447,3,1000000
3.99000,47,42.0447,3,1000000
3.97000,48,42.0447,3,1000000
3.95000,49,42.0447,3,1000000
3.94000,50,42.0447,3,1000000
3.92000,51,42.0447,3,1000000
3.92000,52,42.0447,3,1000000
3.91000,53,42.0447,3,1000000
3.91000,54,42.0447,3,1000000
3.92000,55,42.0447,3,1000000
3.92000,56,42.0447,3,1000000
3.93000,57,42.0447,3,1000000
3.95000,58,42.0447,3,1000000
3.97000,59,42.0447,3,1000000
3.99000,60,42.0447,3,1000000
4.02000,61,42.0447,3,1000000
4.05000,62,42.0447,3,1000000
4.08000,63,42.0447,3,1000000
4.12000,64,42.0447,3,1000000
4.17000,65,42.0447,3,1000000
4.22000,66,42.0447,3,1000000
4.28000,67,42.0447,3,1000000
4.35000,68,42.0447,3,1000000
4.42000,69,42.0447,3,1000000
7.14500,23,41.0447,4,999900
6.76500,24,41.0447,4,1000000
6.48500,25,41.0447,4,1000000
6.26062,26,41.0447,4,1000000
6.02625,27,41.0447,4,1000000
5.82625,28,41.0447,4,1000000
5.66625,29,41.0447,4,1000000
5.51187,30,41.0447,4,1000000
5.38187,31,41.0447,4,1000000
5.26187,32,41.0447,4,1000000
5.16187,33,41.0447,4,1000000
5.06969,34,41.0447,4,1000000
4.98000,35,41.0447,4,1000000
4.90000,36,41.0447,4,1000000
4.83000,37,41.0447,4,1000000
4.77000,38,41.0447,4,1000000
4.71000,39,41.0447,4,1000000
4.66000,40,41.0447,4,1000000
4.61000,41,41.0447,4,1000000
4.57000,42,41.0447,4,1000000
4.54000,43,41.0447,4,1000000
4.51000,44,41.0447,4,1000000
4.48000,45,41.0447,4,1000000
4.46000,46,41.0447,4,1000000
4.44000,47,41.0447,4,1000000
4.42000,48,41.0447,4,1000000
4.41000,49,41.0447,4,1000000
4.41000,50,41.0447,4,1000000
4.40000,51,41.0447,4,1000000
4.40000,52,41.0447,4,1000000
4.41000,53,41.0447,4,1000000
4.42000,54,41.0447,4,1000000
4.43000,55,41.0447,4,1000000
4.44000,56,41.0447,4,1000000
4.46000,57,41.0447,4,1000000
4.49000,58,41.0447,4,1000000
4.52000,59,41.0447,4,1000000
4.55000,60,41.0447,4,1000000
4.59000,61,41.0447,4,1000000
4.63000,62,41.0447,4,1000000
4.68000,63,41.0447,4,1000000
4.73000,64,41.0447,4,1000000
4.79000,65,41.0447,4,1000000
4.86000,66,41.0447,4,1000000
4.93859,67,41.0447,4,1000000
5.02969,68,41.0447,4,1000000
5.12078,69,41.0447,4,1000000
8.81250,19,40.0447,5,999900
8.25250,20,40.0447,5,1000000
7.84375,21,40.0447,5,1000000
7.46375,22,40.0447,5,1000000
7.15937,23,40.0447,5,1000000
6.89500,24,40.0447,5,1000000
6.66500,25,40.0447,5,1000000
6.46062,26,40.0447,5,1000000
6.28062,27,40.0447,5,1000000
6.12062,28,40.0447,5,1000000
5.96625,29,40.0447,5,1000000
5.84625,30,40.0447,5,1000000
5.72625,31,40.0447,5,1000000
5.61406,32,40.0447,5,1000000
5.52406,33,40.0447,5,1000000
5.43187,34,40.0447,5,1000000
5.35187,35,40.0447,5,1000000
5.28187,36,40.0447,5,1000000
5.22187,37,40.0447,5,1000000
5.16969,38,40.0447,5,1000000
5.10969,39,40.0447,5,1000000
5.06969,40,40.0447,5,1000000
5.02969,41,40.0447,5,1000000
4.98969,42,40.0447,5,1000000
4.95859,43,40.0447,5,1000000
4.93859,44,40.0447,5,1000000
4.91000,45,40.0447,5,1000000
4.89000,46,40.0447,5,1000000
4.88000,47,40.0447,5,1000000
4.87000,48,40.0447,5,1000000
4.86000,49,40.0447,5,1000000
4.86000,50,40.0447,5,1000000
4.86000,51,40.0447,5,1000000
4.87000,52,40.0447,5,1000000
4.88000,53,40.0447,5,1000000
4.89000,54,40.0447,5,1000000
4.90859,55,40.0447,5,1000000
4.93859,56,40.0447,5,1000000
4.95859,57,40.0447,5,1000000
4.98859,58,40.0447,5,1000000
5.02969,59,40.0447,5,1000000
5.06969,60,40.0447,5,1000000
5.12023,61,40.0447,5,1000000
5.17078,62,40.0447,5,1000000
5.23078,63,40.0447,5,1000000
5.30187,64,40.0447,5,1000000
5.37297,65,40.0447,5,1000000
5.45297,66,40.0447,5,1000000
5.55406,67,40.0447,5,1000000
5.65516,68,40.0447,5,1000000
5.76625,69,40.0447,5,1000000
10.78000,16,39.0447,6,1000000
9.98125,17,39.0447,6,1000000
9.35125,18,39.0447,6,1000000
8.86250,19,39.0447,6,1000000
8.42250,20,39.0447,6,1000000
8.03375,21,39.0447,6,1000000
7.71375,22,39.0447,6,1000000
7.44937,23,39.0447,6,1000000
7.20937,24,39.0447,6,1000000
6.99500,25,39.0447,6,1000000
6.80500,26,39.0447,6,1000000
6.62500,27,39.0447,6,1000000
6.47281,28,39.0447,6,1000000
6.34062,29,39.0447,6,1000000
6.22062,30,39.0447,6,1000000
6.10844,31,39.0447,6,1000000
6.00844,32,39.0447,6,1000000
5.91625,33,39.0447,6,1000000
5.82625,34,39.0447,6,1000000
5.75625,35,39.0447,6,1000000
5.68516,36,39.0447,6,1000000
5.62406,37,39.0447,6,1000000
5.56406,38,39.0447,6,1000000
5.52406,39,39.0447,6,1000000
5.47406,40,39.0447,6,1000000
5.43297,41,39.0447,6,1000000
5.40187,42,39.0447,6,1000000
5.37187,43,39.0447,6,1000000
5.35187,44,39.0447,6,1000000
5.33187,45,39.0447,6,1000000
5.32187,46,39.0447,6,1000000
5.30187,47,39.0447,6,1000000
5.30187,48,39.0447,6,1000000
5.29187,49,39.0447,6,1000000
5.30187,50,39.0447,6,1000000
5.30187,51,39.0447,6,1000000
5.31187,52,39.0447,6,1000000
5.33187,53,39.0447,6,1000000
5.35187,54,39.0447,6,1000000
5.37187,55,39.0447,6,1000000
5.40297,56,39.0447,6,1000000
5.43297,57,39.0447,6,1000000
5.47297,58,39.0447,6,1000000
5.51406,59,39.0447,6,1000000
5.56406,60,39.0447,6,1000000
5.62461,61,39.0447,6,1000000
5.68516,62,39.0447,6,1000000
5.75570,63,39.0447,6,1000000
5.83625,64,39.0447,6,1000000
5.91734,65,39.0447,6,1000000
6.01844,66,39.0447,6,1000000
6.12953,67,39.0447,6,1000000
6.25062,68,39.0447,6,1000000
6.39172,69,39.0447,6,1000000
11.73875,15,38.0447,7,1000000
10.84000,16,38.0447,7,1000000
10.16000,17,38.0447,7,1000000
9.58125,18,38.0447,7,1000000
9.11687,19,38.0447,7,1000000
8.71250,20,38.0447,7,1000000
8.36812,21,38.0447,7,1000000
8.07812,22,38.0447,7,1000000
7.80375,23,38.0447,7,1000000
7.57375,24,38.0447,7,1000000
7.36937,25,38.0447,7,1000000
7.18937,26,38.0447,7,1000000
7.01719,27,38.0447,7,1000000
6.86500,28,38.0447,7,1000000
6.73500,29,38.0447,7,1000000
6.61281,30,38.0447,7,1000000
6.49281,31,38.0447,7,1000000
6.40062,32,38.0447,7,1000000
6.30062,33,38.0447,7,1000000
6.22062,34,38.0447,7,1000000
6.14953,35,38.0447,7,1000000
6.07844,36,38.0447,7,1000000
6.01844,37,38.0447,7,1000000
5.96734,38,38.0447,7,1000000
5.91734,39,38.0447,7,1000000
5.87625,40,38.0447,7,1000000
5.83625,41,38.0447,7,1000000
5.80625,42,38.0447,7,1000000
5.77625,43,38.0447,7,1000000
5.75625,44,38.0447,7,1000000
5.73516,45,38.0447,7,1000000
5.72516,46,38.0447,7,1000000
5.71516,47,38.0447,7,1000000
5.71516,48,38.0447,7,1000000
5.71516,49,38.0447,7,1000000
5.71516,50,38.0447,7,1000000
5.72516,51,38.0447,7,1000000
5.73516,52,38.0447,7,1000000
5.75625,53,38.0447,7,1000000
5.77625,54,38.0447,7,1000000
5.80625,55,38.0447,7,1000000
5.84625,56,38.0447,7,1000000
5.87734,57,38.0447,7,1000000
5.92734,58,38.0447,7,1000000
5.97789,59,38.0447,7,1000000
6.03844,60,38.0447,7,1000000
6.09898,61,38.0447,7,1000000
6.16953,62,38.0447,7,1000000
6.25062,63,38.0447,7,1000000
6.34117,64,38.0447,7,1000000
6.44227,65,38.0447,7,1000000
6.55281,66,38.0447,7,1000000
6.68391,67,38.0447,7,1000000
6.82555,68,38.0447,7,1000000
6.98719,69,38.0447,7,1000000
11.92750,15,37.0447,8,1000000
11.12875,16,37.0447,8,1000000
10.48000,17,37.0447,8,1000000
9.94125,18,37.0447,8,1000000
9.49125,19,37.0447,8,1000000
9.10687,20,37.0447,8,1000000
8.76250,21,37.0447,8,1000000
8.46031,22,37.0447,8,1000000
8.20812,23,37.0447,8,1000000
7.97594,24,37.0447,8,1000000
7.77375,25,37.0447,8,1000000
7.58156,26,37.0447,8,1000000
7.42156,27,37.0447,8,1000000
7.25937,28,37.0447,8,1000000
7.12937,29,37.0447,8,1000000
7.00719,30,37.0447,8,1000000
6.89500,31,37.0447,8,1000000
6.79500,32,37.0447,8,1000000
6.69500,33,37.0447,8,1000000
6.61281,34,37.0447,8,1000000
6.53281,35,37.0447,8,1000000
6.47281,36,37.0447,8,1000000
6.41172,37,37.0447,8,1000000
6.35062,38,37.0447,8,1000000
6.31062,39,37.0447,8,1000000
6.26062,40,37.0447,8,1000000
6.22953,41,37.0447,8,1000000
6.18953,42,37.0447,8,1000000
6.16953,43,37.0447,8,1000000
6.14953,44,37.0447,8,1000000
6.12953,45,37.0447,8,1000000
6.11844,46,37.0447,8,1000000
6.10898,47,37.0447,8,1000000
6.10844,48,37.0447,8,1000000
6.10844,49,37.0447,8,1000000
6.11898,50,37.0447,8,1000000
6.12953,51,37.0447,8,1000000
6.14953,52,37.0447,8,1000000
6.16953,53,37.0447,8,1000000
6.19953,54,37.0447,8,1000000
6.22953,55,37.0447,8,1000000
6.27062,56,37.0447,8,1000000
6.31062,57,37.0447,8,1000000
6.36117,58,37.0447,8,1000000
6.42172,59,37.0447,8,1000000
6.48227,60,37.0447,8,1000000
6.56281,61,37.0447,8,1000000
6.64391,62,37.0447,8,1000000
6.73500,63,37.0447,8,1000000
6.83555,64,37.0447,8,1000000
6.94664,65,37.0447,8,1000000
7.07773,66,37.0447,8,1000000
7.21937,67,37.0447,8,1000000
7.38047,68,37.0447,8,1000000
7.56266,69,37.0447,8,1000000
12.29750,15,36.0447,9,1000000
11.52875,16,36.0447,9,1000000
10.88000,17,36.0447,9,1000000
10.37000,18,36.0447,9,1000000
9.91125,19,36.0447,9,1000000
9.52125,20,36.0447,9,1000000
9.17687,21,36.0447,9,1000000
8.88469,22,36.0447,9,1000000
8.62250,23,36.0447,9,1000000
8.38031,24,36.0447,9,1000000
8.16812,25,36.0447,9,1000000
7.98594,26,36.0447,9,1000000
7.81375,27,36.0447,9,1000000
7.66375,28,36.0447,9,1000000
7.52156,29,36.0447,9,1000000
7.40047,30,36.0447,9,1000000
7.27937,31,36.0447,9,1000000
7.17937,32,36.0447,9,1000000
7.08719,33,36.0447,9,1000000
6.99719,34,36.0447,9,1000000
6.92609,35,36.0447,9,1000000
6.85500,36,36.0447,9,1000000
6.78500,37,36.0447,9,1000000
6.73500,38,36.0447,9,1000000
6.68391,39,36.0447,9,1000000
6.64391,40,36.0447,9,1000000
6.60281,41,36.0447,9,1000000
6.57281,42,36.0447,9,1000000
6.54281,43,36.0447,9,1000000
6.52281,44,36.0447,9,1000000
6.51281,45,36.0447,9,1000000
6.50281,46,36.0447,9,1000000
6.49281,47,36.0447,9,1000000
6.49227,48,36.0447,9,1000000
6.49227,49,36.0447,9,1000000
6.50281,50,36.0447,9,1000000
6.52281,51,36.0447,9,1000000
6.54281,52,36.0447,9,1000000
6.56281,53,36.0447,9,1000000
6.60336,54,36.0447,9,1000000
6.63391,55,36.0447,9,1000000
6.68391,56,36.0447,9,1000000
6.73445,57,36.0447,9,1000000
6.78500,58,36.0447,9,1000000
6.85555,59,36.0447,9,1000000
6.92609,60,36.0447,9,1000000
7.00719,61,36.0447,9,1000000
7.09773,62,36.0447,9,1000000
7.19883,63,36.0447,9,1000000
7.30992,64,36.0447,9,1000000
7.44102,65,36.0447,9,1000000
7.58266,66,36.0447,9,1000000
7.74375,67,36.0447,9,1000000
7.92594,68,36.0447,9,1000000
8.13758,69,36.0447,9,1000000
12.73750,15,35.0447,10,1000000
11.98312,16,35.0447,10,1000000
11.33875,17,35.0447,10,1000000
10.81000,18,35.0447,10,1000000
10.35000,19,35.0447,10,1000000
9.96562,20,35.0447,10,1000000
9.62125,21,35.0447,10,1000000
9.31687,22,35.0447,10,1000000
9.04687,23,35.0447,10,1000000
8.80250,24,35.0447,10,1000000
8.58250,25,35.0447,10,1000000
8.39031,26,35.0447,10,1000000
8.21812,27,35.0447,10,1000000
8.05594,28,35.0447,10,1000000
7.91594,29,35.0447,10,1000000
7.78375,30,35.0447,10,1000000
7.67375,31,35.0447,10,1000000
7.56156,32,35.0447,10,1000000
7.46156,33,35.0447,10,1000000
7.38047,34,35.0447,10,1000000
7.29937,35,35.0447,10,1000000
7.22937,36,35.0447,10,1000000
7.15828,37,35.0447,10,1000000
7.10828,38,35.0447,10,1000000
7.05719,39,35.0447,10,1000000
7.00719,40,35.0447,10,1000000
6.97719,41,35.0447,10,1000000
6.94609,42,35.0447,10,1000000
6.91609,43,35.0447,10,1000000
6.89609,44,35.0447,10,1000000
6.87609,45,35.0447,10,1000000
6.86609,46,35.0447,10,1000000
6.86609,47,35.0447,10,1000000
6.86609,48,35.0447,10,1000000
6.87609,49,35.0447,10,1000000
6.88609,50,35.0447,10,1000000
6.90609,51,35.0447,10,1000000
6.92609,52,35.0447,10,1000000
6.95664,53,35.0447,10,1000000
6.98719,54,35.0447,10,1000000
7.03719,55,35.0447,10,1000000
7.07773,56,35.0447,10,1000000
7.13828,57,35.0447,10,1000000
7.19883,58,35.0447,10,1000000
7.26937,59,35.0447,10,1000000
7.35047,60,35.0447,10,1000000
7.44102,61,35.0447,10,1000000
7.54156,62,35.0447,10,1000000
7.65266,63,35.0447,10,1000000
7.78430,64,35.0447,10,1000000
7.92539,65,35.0447,10,1000000
8.08703,66,35.0447,10,1000000
8.26867,67,35.0447,10,1000000
8.48031,68,35.0447,10,1000000
8.71250,69,35.0447,10,1000000
13.25625,15,34.0447,11,1000000
12.47750,16,34.0447,11,1000000
11.82875,17,34.0447,11,1000000
11.27437,18,34.0447,11,1000000
10.81000,19,34.0447,11,1000000
10.41000,20,34.0447,11,1000000
10.05562,21,34.0447,11,1000000
9.75125,22,34.0447,11,1000000
9.46906,23,34.0447,11,1000000
9.21687,24,34.0447,11,1000000
8.99469,25,34.0447,11,1000000
8.80250,26,34.0447,11,1000000
8.61250,27,34.0447,11,1000000
8.45031,28,34.0447,11,1000000
8.30812,29,34.0447,11,1000000
8.16812,30,34.0447,11,1000000
8.04594,31,34.0447,11,1000000
7.93594,32,34.0447,11,1000000
7.83484,33,34.0447,11,1000000
7.75375,34,34.0447,11,1000000
7.66266,35,34.0447,11,1000000
7.59266,36,34.0447,11,1000000
7.53156,37,34.0447,11,1000000
7.47156,38,34.0447,11,1000000
7.42047,39,34.0447,11,1000000
7.37047,40,34.0447,11,1000000
7.33937,41,34.0447,11,1000000
7.29937,42,34.0447,11,1000000
7.27937,43,34.0447,11,1000000
7.25937,44,34.0447,11,1000000
7.23937,45,34.0447,11,1000000
7.22937,46,34.0447,11,1000000
7.22883,47,34.0447,11,1000000
7.22883,48,34.0447,11,1000000
7.23937,49,34.0447,11,1000000
7.25937,50,34.0447,11,1000000
7.27937,51,34.0447,11,1000000
7.29937,52,34.0447,11,1000000
7.32992,53,34.0447,11,1000000
7.37047,54,34.0447,11,1000000
7.42047,55,34.0447,11,1000000
7.47156,56,34.0447,11,1000000
7.53156,57,34.0447,11,1000000
7.60266,58,34.0447,11,1000000
7.68320,59,34.0447,11,1000000
7.77375,60,34.0447,11,1000000
7.87484,61,34.0447,11,1000000
7.98594,62,34.0447,11,1000000
8.10703,63,34.0447,11,1000000
8.24812,64,34.0447,11,1000000
8.40977,65,34.0447,11,1000000
8.58141,66,34.0447,11,1000000
8.79305,67,34.0447,11,1000000
9.02578,68,34.0447,11,1000000
9.29797,69,34.0447,11,1000000
13.79625,15,33.0447,12,1000000
13.00187,16,33.0447,12,1000000
12.33750,17,33.0447,12,1000000
11.76875,18,33.0447,12,1000000
11.28437,19,33.0447,12,1000000
10.87219,20,33.0447,12,1000000
10.51000,21,33.0447,12,1000000
10.18562,22,33.0447,12,1000000
9.89344,23,33.0447,12,1000000
9.64125,24,33.0447,12,1000000
9.40906,25,33.0447,12,1000000
9.19687,26,33.0447,12,1000000
9.01469,27,33.0447,12,1000000
8.84469,28,33.0447,12,1000000
8.69250,29,33.0447,12,1000000
8.55141,30,33.0447,12,1000000
8.43031,31,33.0447,12,1000000
8.31812,32,33.0447,12,1000000
8.20812,33,33.0447,12,1000000
8.11703,34,33.0447,12,1000000
8.02594,35,33.0447,12,1000000
7.95594,36,33.0447,12,1000000
7.88484,37,33.0447,12,1000000
7.82375,38,33.0447,12,1000000
7.77375,39,33.0447,12,1000000
7.72375,40,33.0447,12,1000000
7.69320,41,33.0447,12,1000000
7.65266,42,33.0447,12,1000000
7.63266,43,33.0447,12,1000000
7.61266,44,33.0447,12,1000000
7.59266,45,33.0447,12,1000000
7.59211,46,33.0447,12,1000000
7.59211,47,33.0447,12,1000000
7.59266,48,33.0447,12,1000000
7.60266,49,33.0447,12,1000000
7.62266,50,33.0447,12,1000000
7.64266,51,33.0447,12,1000000
7.67266,52,33.0447,12,1000000
7.70320,53,33.0447,12,1000000
7.75375,54,33.0447,12,1000000
7.80375,55,33.0447,12,1000000
7.85484,56,33.0447,12,1000000
7.92539,57,33.0447,12,1000000
7.99594,58,33.0447,12,1000000
8.08703,59,33.0447,12,1000000
8.18758,60,33.0447,12,1000000
8.28867,61,33.0447,12,1000000
8.41977,62,33.0447,12,1000000
8.55086,63,33.0447,12,1000000
8.70250,64,33.0447,12,1000000
8.88414,65,33.0447,12,1000000
9.08578,66,33.0447,12,1000000
9.30797,67,33.0447,12,1000000
9.57016,68,33.0447,12,1000000
9.88272,69,33.0447,12,1000000
14.36500,15,32.0447,13,1000000
13.53625,16,32.0447,13,1000000
12.85187,17,32.0447,13,1000000
12.27312,18,32.0447,13,1000000
11.77875,19,32.0447,13,1000000
11.33656,20,32.0447,13,1000000
10.95437,21,32.0447,13,1000000
10.62000,22,32.0447,13,1000000
10.32781,23,32.0447,13,1000000
10.06562,24,32.0447,13,1000000
9.82344,25,32.0447,13,1000000
9.60125,26,32.0447,13,1000000
9.40906,27,32.0447,13,1000000
9.23687,28,32.0447,13,1000000
9.07578,29,32.0447,13,1000000
8.93469,30,32.0447,13,1000000
8.80250,31,32.0447,13,1000000
8.68250,32,32.0447,13,1000000
8.57141,33,32.0447,13,1000000
8.48031,34,32.0447,13,1000000
8.38922,35,32.0447,13,1000000
8.30922,36,32.0447,13,1000000
8.23812,37,32.0447,13,1000000
8.17812,38,32.0447,13,1000000
8.12703,39,32.0447,13,1000000
8.07703,40,32.0447,13,1000000
8.03594,41,32.0447,13,1000000
8.00594,42,32.0447,13,1000000
7.97594,43,32.0447,13,1000000
7.95539,44,32.0447,13,1000000
7.94484,45,32.0447,13,1000000
7.93539,46,32.0447,13,1000000
7.93539,47,32.0447,13,1000000
7.94539,48,32.0447,13,1000000
7.95539,49,32.0447,13,1000000
7.97594,50,32.0447,13,1000000
7.99594,51,32.0447,13,1000000
8.03594,52,32.0447,13,1000000
8.06648,53,32.0447,13,1000000
8.11703,54,32.0447,13,1000000
8.17758,55,32.0447,13,1000000
8.23812,56,32.0447,13,1000000
8.30867,57,32.0447,13,1000000
8.38922,58,32.0447,13,1000000
8.49031,59,32.0447,13,1000000
8.59141,60,32.0447,13,1000000
8.71250,61,32.0447,13,1000000
8.84359,62,32.0447,13,1000000
8.99523,63,32.0447,13,1000000
9.16687,64,32.0447,13,1000000
9.35852,65,32.0447,13,1000000
9.58016,66,32.0447,13,1000000
9.83234,67,32.0447,13,1000000
10.13739,68,32.0447,13,1000000
10.48272,69,32.0447,13,1000000
14.95937,15,31.0447,14,1000000
14.10062,16,31.0447,14,1000000
13.37625,17,31.0447,14,1000000
12.78187,18,31.0447,14,1000000
12.26312,19,31.0447,14,1000000
11.81094,20,31.0447,14,1000000
11.41656,21,31.0447,14,1000000
11.07437,22,31.0447,14,1000000
10.76000,23,31.0447,14,1000000
10.48781,24,31.0447,14,1000000
10.22562,25,31.0447,14,1000000
10.01344,26,31.0447,14,1000000
9.80234,27,31.0447,14,1000000
9.62125,28,31.0447,14,1000000
9.45906,29,31.0447,14,1000000
9.30797,30,31.0447,14,1000000
9.17687,31,31.0447,14,1000000
9.04578,32,31.0447,14,1000000
8.93469,33,31.0447,14,1000000
8.83359,34,31.0447,14,1000000
8.74250,35,31.0447,14,1000000
8.66141,36,31.0447,14,1000000
8.59141,37,31.0447,14,1000000
8.53031,38,31.0447,14,1000000
8.47031,39,31.0447,14,1000000
8.42922,40,31.0447,14,1000000
8.38922,41,31.0447,14,1000000
8.34922,42,31.0447,14,1000000
8.32867,43,31.0447,14,1000000
8.30812,44,31.0447,14,1000000
8.28812,45,31.0447,14,1000000
8.28812,46,31.0447,14,1000000
8.28812,47,31.0447,14,1000000
8.28812,48,31.0447,14,1000000
8.30867,49,31.0447,14,1000000
8.32922,50,31.0447,14,1000000
8.34922,51,31.0447,14,1000000
8.38922,52,31.0447,14,1000000
8.42977,53,31.0447,14,1000000
8.48031,54,31.0447,14,1000000
8.54086,55,31.0447,14,1000000
8.61141,56,31.0447,14,1000000
8.69250,57,31.0447,14,1000000
8.78305,58,31.0447,14,1000000
8.88359,59,31.0447,14,1000000
8.99469,60,31.0447,14,1000000
9.12578,61,31.0447,14,1000000
9.26742,62,31.0447,14,1000000
9.43906,63,31.0447,14,1000000
9.62070,64,31.0447,14,1000000
9.83289,65,31.0447,14,1000000
10.08453,66,31.0447,14,1000000
10.36727,67,31.0447,14,1000000
10.70739,68,31.0447,14,1000000
11.10272,69,31.0447,14,1000000
15.57375,15,30.0447,15,1000000
14.68500,16,30.0447,15,1000000
13.93062,17,30.0447,15,1000000
13.30625,18,30.0447,15,1000000
12.75969,19,30.0447,15,1000000
12.29531,20,30.0447,15,1000000
11.88094,21,30.0447,15,1000000
11.50875,22,30.0447,15,1000000
11.19437,23,30.0447,15,1000000
10.90219,24,30.0447,15,1000000
10.64000,25,30.0447,15,1000000
10.40781,26,30.0447,15,1000000
10.20562,27,30.0447,15,1000000
10.01453,28,30.0447,15,1000000
9.84344,29,30.0447,15,1000000
9.68125,30,30.0447,15,1000000
9.54016,31,30.0447,15,1000000
9.40906,32,30.0447,15,1000000
9.29797,33,30.0447,15,1000000
9.19687,34,30.0447,15,1000000
9.09578,35,30.0447,15,1000000
9.01469,36,30.0447,15,1000000
8.94469,37,30.0447,15,1000000
8.87359,38,30.0447,15,1000000
8.81359,39,30.0447,15,1000000
8.77250,40,30.0447,15,1000000
8.72250,41,30.0447,15,1000000
8.69250,42,30.0447,15,1000000
8.66195,43,30.0447,15,1000000
8.64141,44,30.0447,15,1000000
8.63141,45,30.0447,15,1000000
8.62141,46,30.0447,15,1000000
8.63141,47,30.0447,15,1000000
8.63141,48,30.0447,15,1000000
8.65141,49,30.0447,15,1000000
8.67195,50,30.0447,15,1000000
8.70250,51,30.0447,15,1000000
8.74250,52,30.0447,15,1000000
8.79305,53,30.0447,15,1000000
8.84359,54,30.0447,15,1000000
8.91414,55,30.0447,15,1000000
8.98469,56,30.0447,15,1000000
9.06578,57,30.0447,15,1000000
9.16633,58,30.0447,15,1000000
9.27742,59,30.0447,15,1000000
9.39852,60,30.0447,15,1000000
9.54016,61,30.0447,15,1000000
9.70125,62,30.0447,15,1000000
9.88289,63,30.0447,15,1000000
10.08508,64,30.0447,15,1000000
10.31452,65,30.0447,15,1000000
10.59329,66,30.0447,15,1000000
10.90727,67,30.0447,15,1000000
11.28739,68,30.0447,15,1000000
11.76272,69,30.0447,15,1000000
16.22250,15,29.0447,16,1000000
15.27375,16,29.0447,16,1000000
14.48500,17,29.0447,16,1000000
13.83062,18,29.0447,16,1000000
13.26406,19,29.0447,16,1000000
12.76969,20,29.0447,16,1000000
12.34531,21,29.0447,16,1000000
11.96312,22,29.0447,16,1000000
11.62875,23,29.0447,16,1000000
11.32656,24,29.0447,16,1000000
11.05437,25,29.0447,16,1000000
10.81219,26,29.0447,16,1000000
10.59000,27,29.0447,16,1000000
10.39781,28,29.0447,16,1000000
10.21562,29,29.0447,16,1000000
10.05453,30,29.0447,16,1000000
9.90344,31,29.0447,16,1000000
9.77234,32,29.0447,16,1000000
9.65125,33,29.0447,16,1000000
9.55016,34,29.0447,16,1000000
9.44906,35,29.0447,16,1000000
9.35797,36,29.0447,16,1000000
9.28742,37,29.0447,16,1000000
9.21687,38,29.0447,16,1000000
9.15687,39,29.0447,16,1000000
9.10578,40,29.0447,16,1000000
9.06578,41,29.0447,16,1000000
9.02523,42,29.0447,16,1000000
9.00469,43,29.0447,16,1000000
8.98469,44,29.0447,16,1000000
8.96469,45,29.0447,16,1000000
8.96469,46,29.0447,16,1000000
8.96469,47,29.0447,16,1000000
8.97469,48,29.0447,16,1000000
8.99469,49,29.0447,16,1000000
9.01523,50,29.0447,16,1000000
9.05578,51,29.0447,16,1000000
9.09578,52,29.0447,16,1000000
9.14633,53,29.0447,16,1000000
9.20687,54,29.0447,16,1000000
9.27742,55,29.0447,16,1000000
9.35797,56,29.0447,16,1000000
9.44906,57,29.0447,16,1000000
9.55016,58,29.0447,16,1000000
9.67125,59,29.0447,16,1000000
9.80234,60,29.0447,16,1000000
9.95344,61,29.0447,16,1000000
10.12562,62,29.0447,16,1000000
10.32672,63,29.0447,16,1000000
10.54284,64,29.0447,16,1000000
10.80452,65,29.0447,16,1000000
11.11329,66,29.0447,16,1000000
11.46727,67,29.0447,16,1000000
11.89739,68,29.0447,16,1000000
16.88688,15,28.0447,17,1000000
15.88812,16,28.0447,17,1000000
15.05937,17,28.0447,17,1000000
14.37500,18,28.0447,17,1000000
13.77844,19,28.0447,17,1000000
13.26406,20,28.0447,17,1000000
12.80969,21,28.0447,17,1000000
12.41531,22,28.0447,17,1000000
12.06312,23,28.0447,17,1000000
11.74875,24,28.0447,17,1000000
11.46766,25,28.0447,17,1000000
11.21437,26,28.0447,17,1000000
10.98328,27,28.0447,17,1000000
10.78109,28,28.0447,17,1000000
10.60000,29,28.0447,17,1000000
10.42781,30,28.0447,17,1000000
10.27672,31,28.0447,17,1000000
10.13562,32,28.0447,17,1000000
10.01344,33,28.0447,17,1000000
9.90344,34,28.0447,17,1000000
9.80234,35,28.0447,17,1000000
9.71125,36,28.0447,17,1000000
9.63070,37,28.0447,17,1000000
9.56016,38,28.0447,17,1000000
9.49906,39,28.0447,17,1000000
9.44906,40,28.0447,17,1000000
9.39852,41,28.0447,17,1000000
9.36797,42,28.0447,17,1000000
9.33797,43,28.0447,17,1000000
9.31797,44,28.0447,17,1000000
9.30797,45,28.0447,17,1000000
9.29797,46,28.0447,17,1000000
9.29797,47,28.0447,17,1000000
9.31797,48,28.0447,17,1000000
9.32797,49,28.0447,17,1000000
9.35797,50,28.0447,17,1000000
9.39852,51,28.0447,17,1000000
9.43906,52,28.0447,17,1000000
9.49961,53,28.0447,17,1000000
9.56016,54,28.0447,17,1000000
9.63070,55,28.0447,17,1000000
9.72125,56,28.0447,17,1000000
9.82234,57,28.0447,17,1000000
9.93344,58,28.0447,17,1000000
10.06453,59,28.0447,17,1000000
10.20562,60,28.0447,17,1000000
10.36727,61,28.0447,17,1000000
10.55891,62,28.0447,17,1000000
10.76731,63,28.0447,17,1000000
11.01284,64,28.0447,17,1000000
11.30452,65,28.0447,17,1000000
11.63329,66,28.0447,17,1000000
12.03727,67,28.0447,17,1000000
17.56453,15,27.0447,18,1000000
16.51250,16,27.0447,18,1000000
15.65594,17,27.0447,18,1000000
14.90937,18,27.0447,18,1000000
14.29281,19,27.0447,18,1000000
13.75844,20,27.0447,18,1000000
13.28406,21,27.0447,18,1000000
12.86969,22,27.0447,18,1000000
12.50750,23,27.0447,18,1000000
12.17312,24,27.0447,18,1000000
11.88094,25,27.0447,18,1000000
11.61875,26,27.0447,18,1000000
11.37656,27,27.0447,18,1000000
11.17437,28,27.0447,18,1000000
10.97219,29,27.0447,18,1000000
10.80109,30,27.0447,18,1000000
10.64000,31,27.0447,18,1000000
10.49891,32,27.0447,18,1000000
10.36672,33,27.0447,18,1000000
10.24672,34,27.0447,18,1000000
10.14562,35,27.0447,18,1000000
10.05453,36,27.0447,18,1000000
9.97344,37,27.0447,18,1000000
9.89344,38,27.0447,18,1000000
9.83234,39,27.0447,18,1000000
9.78180,40,27.0447,18,1000000
9.73125,41,27.0447,18,1000000
9.70125,42,27.0447,18,1000000
9.67125,43,27.0447,18,1000000
9.65070,44,27.0447,18,1000000
9.64070,45,27.0447,18,1000000
9.63070,46,27.0447,18,1000000
9.64070,47,27.0447,18,1000000
9.65070,48,27.0447,18,1000000
9.67125,49,27.0447,18,1000000
9.70125,50,27.0447,18,1000000
9.74125,51,27.0447,18,1000000
9.79180,52,27.0447,18,1000000
9.84234,53,27.0447,18,1000000
9.91344,54,27.0447,18,1000000
9.99398,55,27.0447,18,1000000
10.08453,56,27.0447,18,1000000
10.19562,57,27.0447,18,1000000
10.31672,58,27.0447,18,1000000
10.44836,59,27.0447,18,1000000
10.60945,60,27.0447,18,1000000
10.78754,61,27.0447,18,1000000
10.98840,62,27.0447,18,1000000
11.22731,63,27.0447,18,1000000
11.49284,64,27.0447,18,1000000
11.80452,65,27.0447,18,1000000
12.18329,66,27.0447,18,1000000
18.27000,15,26.0447,19,1000000
17.16125,16,26.0447,19,1000000
16.25250,17,26.0447,19,1000000
15.48375,18,26.0447,19,1000000
14.82937,19,26.0447,19,1000000
14.26281,20,26.0447,19,1000000
13.75844,21,26.0447,19,1000000
13.32406,22,26.0447,19,1000000
12.95187,23,26.0447,19,1000000
12.60750,24,26.0447,19,1000000
12.30531,25,26.0447,19,1000000
12.02203,26,26.0447,19,1000000
11.78094,27,26.0447,19,1000000
11.55875,28,26.0447,19,1000000
11.35656,29,26.0447,19,1000000
11.17437,30,26.0447,19,1000000
11.00328,31,26.0447,19,1000000
10.85219,32,26.0447,19,1000000
10.72000,33,26.0447,19,1000000
10.60000,34,26.0447,19,1000000
10.48891,35,26.0447,19,1000000
10.39781,36,26.0447,19,1000000
10.30672,37,26.0447,19,1000000
10.23562,38,26.0447,19,1000000
10.16562,39,26.0447,19,1000000
10.11508,40,26.0447,19,1000000
10.06453,41,26.0447,19,1000000
10.02453,42,26.0447,19,1000000
9.99344,43,26.0447,19,1000000
9.97344,44,26.0447,19,1000000
9.96344,45,26.0447,19,1000000
9.96344,46,26.0447,19,1000000
9.97344,47,26.0447,19,1000000
9.98398,48,26.0447,19,1000000
10.00398,49,26.0447,19,1000000
10.03398,50,26.0447,19,1000000
10.08453,51,26.0447,19,1000000
10.13508,52,26.0447,19,1000000
10.19562,53,26.0447,19,1000000
10.26672,54,26.0447,19,1000000
10.35727,55,26.0447,19,1000000
10.45781,56,26.0447,19,1000000
10.56891,57,26.0447,19,1000000
10.70000,58,26.0447,19,1000000
10.84164,59,26.0447,19,1000000
11.01377,60,26.0447,19,1000000
11.20754,61,26.0447,19,1000000
11.42840,62,26.0447,19,1000000
11.67731,63,26.0447,19,1000000
11.97284,64,26.0447,19,1000000
12.32452,65,26.0447,19,1000000
18.98875,15,25.0447,20,1000000
17.83563,16,25.0447,20,1000000
16.86688,17,25.0447,20,1000000
16.04812,18,25.0447,20,1000000
15.35375,19,25.0447,20,1000000
14.77719,20,25.0447,20,1000000
14.25281,21,25.0447,20,1000000
13.79844,22,25.0447,20,1000000
13.39516,23,25.0447,20,1000000
13.04187,24,25.0447,20,1000000
12.71859,25,25.0447,20,1000000
12.43641,26,25.0447,20,1000000
12.17312,27,25.0447,20,1000000
11.94094,28,25.0447,20,1000000
11.72984,29,25.0447,20,1000000
11.53875,30,25.0447,20,1000000
11.36656,31,25.0447,20,1000000
11.21437,32,25.0447,20,1000000
11.07328,33,25.0447,20,1000000
10.95219,34,25.0447,20,1000000
10.84109,35,25.0447,20,1000000
10.74000,36,25.0447,20,1000000
10.65000,37,25.0447,20,1000000
10.56891,38,25.0447,20,1000000
10.49891,39,25.0447,20,1000000
10.44781,40,25.0447,20,1000000
10.39781,41,25.0447,20,1000000
10.35672,42,25.0447,20,1000000
10.32672,43,25.0447,20,1000000
10.30672,44,25.0447,20,1000000
10.29672,45,25.0447,20,1000000
10.29672,46,25.0447,20,1000000
10.29672,47,25.0447,20,1000000
10.31672,48,25.0447,20,1000000
10.33672,49,25.0447,20,1000000
10.37727,50,25.0447,20,1000000
10.41781,51,25.0447,20,1000000
10.47836,52,25.0447,20,1000000
10.54891,53,25.0447,20,1000000
10.61945,54,25.0447,20,1000000
10.72055,55,25.0447,20,1000000
10.82109,56,25.0447,20,1000000
10.94219,57,25.0447,20,1000000
11.08383,58,25.0447,20,1000000
11.23851,59,25.0447,20,1000000
11.42377,60,25.0447,20,1000000
11.62754,61,25.0447,20,1000000
11.86840,62,25.0447,20,1000000
12.14731,63,25.0447,20,1000000
19.74531,15,24.0447,21,1000000
18.51000,16,24.0447,21,1000000
17.49125,17,24.0447,21,1000000
16.62469,18,24.0447,21,1000000
15.90812,19,24.0447,21,1000000
15.29156,20,24.0447,21,1000000
14.74719,21,24.0447,21,1000000
14.26281,22,24.0447,21,1000000
13.84844,23,24.0447,21,1000000
13.47625,24,24.0447,21,1000000
13.14187,25,24.0447,21,1000000
12.83969,26,24.0447,21,1000000
12.57750,27,24.0447,21,1000000
12.32531,28,24.0447,21,1000000
12.11312,29,24.0447,21,1000000
11.91094,30,24.0447,21,1000000
11.72984,31,24.0447,21,1000000
11.57875,32,24.0447,21,1000000
11.42656,33,24.0447,21,1000000
11.29547,34,24.0447,21,1000000
11.18437,35,24.0447,21,1000000
11.07328,36,24.0447,21,1000000
10.98273,37,24.0447,21,1000000
10.90219,38,24.0447,21,1000000
10.83164,39,24.0447,21,1000000
10.77109,40,24.0447,21,1000000
10.73055,41,24.0447,21,1000000
10.69000,42,24.0447,21,1000000
10.66000,43,24.0447,21,1000000
10.64000,44,24.0447,21,1000000
10.62945,45,24.0447,21,1000000
10.61945,46,24.0447,21,1000000
10.63000,47,24.0447,21,1000000
10.65000,48,24.0447,21,1000000
10.68000,49,24.0447,21,1000000
10.71000,50,24.0447,21,1000000
10.76109,51,24.0447,21,1000000
10.82109,52,24.0447,21,1000000
10.89219,53,24.0447,21,1000000
10.98273,54,24.0447,21,1000000
11.07383,55,24.0447,21,1000000
11.19437,56,24.0447,21,1000000
11.31574,57,24.0447,21,1000000
11.47225,58,24.0447,21,1000000
11.63851,59,24.0447,21,1000000
11.83377,60,24.0447,21,1000000
12.05754,61,24.0447,21,1000000
12.31840,62,24.0447,21,1000000
20.54188,15,23.0447,22,1000000
19.20875,16,23.0447,22,1000000
18.12000,17,23.0447,22,1000000
17.22125,18,23.0447,22,1000000
16.47250,19,23.0447,22,1000000
15.81812,20,23.0447,22,1000000
15.24156,21,23.0447,22,1000000
14.74719,22,23.0447,22,1000000
14.30281,23,23.0447,22,1000000
13.91953,24,23.0447,22,1000000
13.56625,25,23.0447,22,1000000
13.25406,26,23.0447,22,1000000
12.97078,27,23.0447,22,1000000
12.71859,28,23.0447,22,1000000
12.48641,29,23.0447,22,1000000
12.28422,30,23.0447,22,1000000
12.10312,31,23.0447,22,1000000
11.93094,32,23.0447,22,1000000
11.77984,33,23.0447,22,1000000
11.64875,34,23.0447,22,1000000
11.52766,35,23.0447,22,1000000
11.41656,36,23.0447,22,1000000
11.32547,37,23.0447,22,1000000
11.23547,38,23.0447,22,1000000
11.16437,39,23.0447,22,1000000
11.10437,40,23.0447,22,1000000
11.05328,41,23.0447,22,1000000
11.01328,42,23.0447,22,1000000
10.98273,43,23.0447,22,1000000
10.96273,44,23.0447,22,1000000
10.95219,45,23.0447,22,1000000
10.95219,46,23.0447,22,1000000
10.96273,47,23.0447,22,1000000
10.98273,48,23.0447,22,1000000
11.01328,49,23.0447,22,1000000
11.05328,50,23.0447,22,1000000
11.10383,51,23.0447,22,1000000
11.16437,52,23.0447,22,1000000
11.24547,53,23.0447,22,1000000
11.33602,54,23.0447,22,1000000
11.43711,55,23.0447,22,1000000
11.55762,56,23.0447,22,1000000
11.69497,57,23.0447,22,1000000
11.86225,58,23.0447,22,1000000
12.03851,59,23.0447,22,1000000
12.25377,60,23.0447,22,1000000
12.49754,61,23.0447,22,1000000
21.35625,15,22.0447,23,1000000
19.94313,16,22.0447,23,1000000
18.78438,17,22.0447,23,1000000
17.84672,18,22.0447,23,1000000
17.03906,19,22.0447,23,1000000
16.34250,20,22.0447,23,1000000
15.74594,21,22.0447,23,1000000
15.22156,22,22.0447,23,1000000
14.75719,23,22.0447,23,1000000
14.35281,24,22.0447,23,1000000
13.99062,25,22.0447,23,1000000
13.66734,26,22.0447,23,1000000
13.37406,27,22.0447,23,1000000
13.11187,28,22.0447,23,1000000
12.86969,29,22.0447,23,1000000
12.65750,30,22.0447,23,1000000
12.46641,31,22.0447,23,1000000
12.29531,32,22.0447,23,1000000
12.13312,33,22.0447,23,1000000
12.00203,34,22.0447,23,1000000
11.87094,35,22.0447,23,1000000
11.75984,36,22.0447,23,1000000
11.65875,37,22.0447,23,1000000
11.57820,38,22.0447,23,1000000
11.49766,39,22.0447,23,1000000
11.43656,40,22.0447,23,1000000
11.38656,41,22.0447,23,1000000
11.34602,42,22.0447,23,1000000
11.31547,43,22.0447,23,1000000
11.29547,44,22.0447,23,1000000
11.28547,45,22.0447,23,1000000
11.28547,46,22.0447,23,1000000
11.29547,47,22.0447,23,1000000
11.31547,48,22.0447,23,1000000
11.34602,49,22.0447,23,1000000
11.38656,50,22.0447,23,1000000
11.44711,51,22.0447,23,1000000
11.50766,52,22.0447,23,1000000
11.58820,53,22.0447,23,1000000
11.68930,54,22.0447,23,1000000
11.80068,55,22.0447,23,1000000
11.92762,56,22.0447,23,1000000
12.07497,57,22.0447,23,1000000
12.25225,58,22.0447,23,1000000
12.44851,59,22.0447,23,1000000
12.67377,60,22.0447,23,1000000
22.18500,15,21.0447,24,1000000
20.68188,16,21.0447,24,1000000
19.45875,17,21.0447,24,1000000
18.46000,18,21.0447,24,1000000
17.61344,19,21.0447,24,1000000
16.88688,20,21.0447,24,1000000
16.26031,21,21.0447,24,1000000
15.71594,22,21.0447,24,1000000
15.23156,23,21.0447,24,1000000
14.79719,24,21.0447,24,1000000
14.42391,25,21.0447,24,1000000
14.08062,26,21.0447,24,1000000
13.77844,27,21.0447,24,1000000
13.50625,28,21.0447,24,1000000
13.25406,29,21.0447,24,1000000
13.03187,30,21.0447,24,1000000
12.82969,31,21.0447,24,1000000
12.65859,32,21.0447,24,1000000
12.49641,33,21.0447,24,1000000
12.34531,34,21.0447,24,1000000
12.21422,35,21.0447,24,1000000
12.10312,36,21.0447,24,1000000
12.00203,37,21.0447,24,1000000
11.91094,38,21.0447,24,1000000
11.83094,39,21.0447,24,1000000
11.76984,40,21.0447,24,1000000
11.71930,41,21.0447,24,1000000
11.66875,42,21.0447,24,1000000
11.63875,43,21.0447,24,1000000
11.61875,44,21.0447,24,1000000
11.60875,45,21.0447,24,1000000
11.60875,46,21.0447,24,1000000
11.61875,47,21.0447,24,1000000
11.64875,48,21.0447,24,1000000
11.67930,49,21.0447,24,1000000
11.72984,50,21.0447,24,1000000
11.78984,51,21.0447,24,1000000
11.86094,52,21.0447,24,1000000
11.94148,53,21.0447,24,1000000
12.04509,54,21.0447,24,1000000
12.17068,55,21.0447,24,1000000
12.30762,56,21.0447,24,1000000
12.46497,57,21.0447,24,1000000
12.65225,58,21.0447,24,1000000
12.85851,59,21.0447,24,1000000
23.01594,15,20.0447,25,1000000
21.47625,16,20.0447,25,1000000
20.16750,17,20.0447,25,1000000
19.09656,18,20.0447,25,1000000
18.20000,19,20.0447,25,1000000
17.43125,20,20.0447,25,1000000
16.77469,21,20.0447,25,1000000
16.21031,22,20.0447,25,1000000
15.70594,23,20.0447,25,1000000
15.26156,24,20.0447,25,1000000
14.85719,25,20.0447,25,1000000
14.50500,26,20.0447,25,1000000
14.19281,27,20.0447,25,1000000
13.89953,28,20.0447,25,1000000
13.64734,29,20.0447,25,1000000
13.41516,30,20.0447,25,1000000
13.20297,31,20.0447,25,1000000
13.02187,32,20.0447,25,1000000
12.84969,33,20.0447,25,1000000
12.69859,34,20.0447,25,1000000
12.56750,35,20.0447,25,1000000
12.44586,36,20.0447,25,1000000
12.33531,37,20.0447,25,1000000
12.24422,38,20.0447,25,1000000
12.16312,39,20.0447,25,1000000
12.10312,40,20.0447,25,1000000
12.04203,41,20.0447,25,1000000
12.00203,42,20.0447,25,1000000
11.97203,43,20.0447,25,1000000
11.95148,44,20.0447,25,1000000
11.94148,45,20.0447,25,1000000
11.94148,46,20.0447,25,1000000
11.95148,47,20.0447,25,1000000
11.98203,48,20.0447,25,1000000
12.01203,49,20.0447,25,1000000
12.06258,50,20.0447,25,1000000
12.13312,51,20.0447,25,1000000
12.20422,52,20.0447,25,1000000
12.30228,53,20.0447,25,1000000
12.40509,54,20.0447,25,1000000
12.53068,55,20.0447,25,1000000
12.67762,56,20.0447,25,1000000
12.85497,57,20.0447,25,1000000
13.05225,58,20.0447,25,1000000
23.99250,15,19.0447,26,1000000
22.28500,16,19.0447,26,1000000
20.89188,17,19.0447,26,1000000
19.75313,18,19.0447,26,1000000
18.80438,19,19.0447,26,1000000
18.00563,20,19.0447,26,1000000
17.31125,21,19.0447,26,1000000
16.70469,22,19.0447,26,1000000
16.18031,23,19.0447,26,1000000
15.71594,24,19.0447,26,1000000
15.30156,25,19.0447,26,1000000
14.92937,26,19.0447,26,1000000
14.59609,27,19.0447,26,1000000
14.30281,28,19.0447,26,1000000
14.03062,29,19.0447,26,1000000
13.78844,30,19.0447,26,1000000
13.57625,31,19.0447,26,1000000
13.38516,32,19.0447,26,1000000
13.20297,33,19.0447,26,1000000
13.05187,34,19.0447,26,1000000
12.91023,35,19.0447,26,1000000
12.78969,36,19.0447,26,1000000
12.67805,37,19.0447,26,1000000
12.58750,38,19.0447,26,1000000
12.49641,39,19.0447,26,1000000
12.43641,40,19.0447,26,1000000
12.37531,41,19.0447,26,1000000
12.33477,42,19.0447,26,1000000
12.29477,43,19.0447,26,1000000
12.27422,44,19.0447,26,1000000
12.26422,45,19.0447,26,1000000
12.27422,46,19.0447,26,1000000
12.28422,47,19.0447,26,1000000
12.31477,48,19.0447,26,1000000
12.35531,49,19.0447,26,1000000
12.40586,50,19.0447,26,1000000
12.47641,51,19.0447,26,1000000
12.55223,52,19.0447,26,1000000
12.65228,53,19.0447,26,1000000
12.76509,54,19.0447,26,1000000
12.90068,55,19.0447,26,1000000
13.05762,56,19.0447,26,1000000
13.24497,57,19.0447,26,1000000
24.85125,15,18.0447,27,1000000
23.09484,16,18.0447,27,1000000
21.64063,17,18.0447,27,1000000
20.42750,18,18.0447,27,1000000
19.42875,19,18.0447,27,1000000
18.58219,20,18.0447,27,1000000
17.85563,21,18.0447,27,1000000
17.21906,22,18.0447,27,1000000
16.66469,23,18.0447,27,1000000
16.18031,24,18.0447,27,1000000
15.74594,25,18.0447,27,1000000
15.36266,26,18.0447,27,1000000
15.01937,27,18.0447,27,1000000
14.70609,28,18.0447,27,1000000
14.42391,29,18.0447,27,1000000
14.17172,30,18.0447,27,1000000
13.94953,31,18.0447,27,1000000
13.74844,32,18.0447,27,1000000
13.56625,33,18.0447,27,1000000
13.40516,34,18.0447,27,1000000
13.26297,35,18.0447,27,1000000
13.13242,36,18.0447,27,1000000
13.02078,37,18.0447,27,1000000
12.92023,38,18.0447,27,1000000
12.83969,39,18.0447,27,1000000
12.76859,40,18.0447,27,1000000
12.70859,41,18.0447,27,1000000
12.65805,42,18.0447,27,1000000
12.62750,43,18.0447,27,1000000
12.60750,44,18.0447,27,1000000
12.59750,45,18.0447,27,1000000
12.60750,46,18.0447,27,1000000
12.61750,47,18.0447,27,1000000
12.64805,48,18.0447,27,1000000
12.68859,49,18.0447,27,1000000
12.74859,50,18.0447,27,1000000
12.81685,51,18.0447,27,1000000
12.90223,52,18.0447,27,1000000
13.01228,53,18.0447,27,1000000
13.13509,54,18.0447,27,1000000
13.28068,55,18.0447,27,1000000
13.44762,56,18.0447,27,1000000
25.91219,15,17.0447,28,1000000
23.98469,16,17.0447,28,1000000
22.40938,17,17.0447,28,1000000
21.13625,18,17.0447,28,1000000
20.05531,19,17.0447,28,1000000
19.17656,20,17.0447,28,1000000
18.40000,21,17.0447,28,1000000
17.74453,22,17.0447,28,1000000
17.15906,23,17.0447,28,1000000
16.64469,24,17.0447,28,1000000
16.19031,25,17.0447,28,1000000
15.79594,26,17.0447,28,1000000
15.43375,27,17.0447,28,1000000
15.11047,28,17.0447,28,1000000
14.81719,29,17.0447,28,1000000
14.56500,30,17.0447,28,1000000
14.33281,31,17.0447,28,1000000
14.12172,32,17.0447,28,1000000
13.92953,33,17.0447,28,1000000
13.75844,34,17.0447,28,1000000
13.61625,35,17.0447,28,1000000
13.47516,36,17.0447,28,1000000
13.36461,37,17.0447,28,1000000
13.26352,38,17.0447,28,1000000
13.17297,39,17.0447,28,1000000
13.10187,40,17.0447,28,1000000
13.04133,41,17.0447,28,1000000
12.99078,42,17.0447,28,1000000
12.96078,43,17.0447,28,1000000
12.94078,44,17.0447,28,1000000
12.93078,45,17.0447,28,1000000
12.94078,46,17.0447,28,1000000
12.95078,47,17.0447,28,1000000
12.98078,48,17.0447,28,1000000
13.03133,49,17.0447,28,1000000
13.08661,50,17.0447,28,1000000
13.16685,51,17.0447,28,1000000
13.26223,52,17.0447,28,1000000
13.37228,53,17.0447,28,1000000
13.50509,54,17.0447,28,1000000
13.65068,55,17.0447,28,1000000
26.99875,15,16.0447,29,1000000
24.87125,16,16.0447,29,1000000
23.20484,17,16.0447,29,1000000
21.84281,18,16.0447,29,1000000
20.72188,19,16.0447,29,1000000
19.77313,20,16.0447,29,1000000
18.95547,21,16.0447,29,1000000
18.27000,22,16.0447,29,1000000
17.65344,23,16.0447,29,1000000
17.11906,24,16.0447,29,1000000
16.65469,25,16.0447,29,1000000
16.23031,26,16.0447,29,1000000
15.85703,27,16.0447,29,1000000
15.52375,28,16.0447,29,1000000
15.22156,29,16.0447,29,1000000
14.94937,30,16.0447,29,1000000
14.70609,31,16.0447,29,1000000
14.48500,32,16.0447,29,1000000
14.29281,33,16.0447,29,1000000
14.12172,34,16.0447,29,1000000
13.96953,35,16.0447,29,1000000
13.82844,36,16.0447,29,1000000
13.70734,37,16.0447,29,1000000
13.60625,38,16.0447,29,1000000
13.51570,39,16.0447,29,1000000
13.43516,40,16.0447,29,1000000
13.37461,41,16.0447,29,1000000
13.32406,42,16.0447,29,1000000
13.29352,43,16.0447,29,1000000
13.27352,44,16.0447,29,1000000
13.26352,45,16.0447,29,1000000
13.27352,46,16.0447,29,1000000
13.29352,47,16.0447,29,1000000
13.32379,48,16.0447,29,1000000
13.37339,49,16.0447,29,1000000
13.43661,50,16.0447,29,1000000
13.51685,51,16.0447,29,1000000
13.61223,52,16.0447,29,1000000
13.73228,53,16.0447,29,1000000
13.87509,54,16.0447,29,1000000
28.09188,15,15.0447,30,1000000
25.72000,16,15.0447,30,1000000
23.97359,17,15.0447,30,1000000
22.56938,18,15.0447,30,1000000
21.38844,19,15.0447,30,1000000
20.38750,20,15.0447,30,1000000
19.53094,21,15.0447,30,1000000
18.80438,22,15.0447,30,1000000
18.15781,23,15.0447,30,1000000
17.60344,24,15.0447,30,1000000
17.11906,25,15.0447,30,1000000
16.67469,26,15.0447,30,1000000
16.28031,27,15.0447,30,1000000
15.93812,28,15.0447,30,1000000
15.62484,29,15.0447,30,1000000
15.34156,30,15.0447,30,1000000
15.08937,31,15.0447,30,1000000
14.85828,32,15.0447,30,1000000
14.65609,33,15.0447,30,1000000
14.48500,34,15.0447,30,1000000
14.32281,35,15.0447,30,1000000
14.18172,36,15.0447,30,1000000
14.05062,37,15.0447,30,1000000
13.93953,38,15.0447,30,1000000
13.84844,39,15.0447,30,1000000
13.77844,40,15.0447,30,1000000
13.70734,41,15.0447,30,1000000
13.65734,42,15.0447,30,1000000
13.62680,43,15.0447,30,1000000
13.60625,44,15.0447,30,1000000
13.59625,45,15.0447,30,1000000
13.60625,46,15.0447,30,1000000
13.62652,47,15.0447,30,1000000
13.66862,48,15.0447,30,1000000
13.71339,49,15.0447,30,1000000
13.78661,50,15.0447,30,1000000
13.86685,51,15.0447,30,1000000
13.97223,52,15.0447,30,1000000
14.10228,53,15.0447,30,1000000
29.21500,15,14.0447,31,1000000
26.72875,16,14.0447,31,1000000
24.91688,17,14.0447,31,1000000
23.33375,18,14.0447,31,1000000
22.07500,19,14.0447,31,1000000
21.02406,20,14.0447,31,1000000
20.12531,21,14.0447,31,1000000
19.34875,22,14.0447,31,1000000
18.68219,23,14.0447,31,1000000
18.09781,24,14.0447,31,1000000
17.58234,25,14.0447,31,1000000
17.11906,26,14.0447,31,1000000
16.71469,27,14.0447,31,1000000
16.35141,28,14.0447,31,1000000
16.02812,29,14.0447,31,1000000
15.73594,30,14.0447,31,1000000
15.47375,31,14.0447,31,1000000
15.24156,32,14.0447,31,1000000
15.02937,33,14.0447,31,1000000
14.84828,34,14.0447,31,1000000
14.67609,35,14.0447,31,1000000
14.52500,36,14.0447,31,1000000
14.40391,37,14.0447,31,1000000
14.29281,38,14.0447,31,1000000
14.19172,39,14.0447,31,1000000
14.11117,40,14.0447,31,1000000
14.05062,41,14.0447,31,1000000
14.00008,42,14.0447,31,1000000
13.95953,43,14.0447,31,1000000
13.93953,44,14.0447,31,1000000
13.93953,45,14.0447,31,1000000
13.94953,46,14.0447,31,1000000
13.97372,47,14.0447,31,1000000
14.00862,48,14.0447,31,1000000
14.06339,49,14.0447,31,1000000
14.13661,50,14.0447,31,1000000
14.22685,51,14.0447,31,1000000
14.34223,52,14.0447,31,1000000
30.58594,15,13.0447,32,1000000
27.75750,16,13.0447,32,1000000
25.77563,17,13.0447,32,1000000
24.13250,18,13.0447,32,1000000
22.77938,19,13.0447,32,1000000
21.67063,20,13.0447,32,1000000
20.71188,21,13.0447,32,1000000
19.91313,22,13.0447,32,1000000
19.20656,23,13.0447,32,1000000
18.59219,24,13.0447,32,1000000
18.05781,25,13.0447,32,1000000
17.57344,26,13.0447,32,1000000
17.15906,27,13.0447,32,1000000
16.77469,28,13.0447,32,1000000
16.44250,29,13.0447,32,1000000
16.13031,30,13.0447,32,1000000
15.86703,31,13.0447,32,1000000
15.62484,32,13.0447,32,1000000
15.40266,33,13.0447,32,1000000
15.21047,34,13.0447,32,1000000
15.03937,35,13.0447,32,1000000
14.88828,36,13.0447,32,1000000
14.74719,37,13.0447,32,1000000
14.63609,38,13.0447,32,1000000
14.53500,39,13.0447,32,1000000
14.45391,40,13.0447,32,1000000
14.38391,41,13.0447,32,1000000
14.33281,42,13.0447,32,1000000
14.30281,43,13.0447,32,1000000
14.28281,44,13.0447,32,1000000
14.27281,45,13.0447,32,1000000
14.28105,46,13.0447,32,1000000
14.31372,47,13.0447,32,1000000
14.34862,48,13.0447,32,1000000
14.41339,49,13.0447,32,1000000
14.48661,50,13.0447,32,1000000
14.58685,51,13.0447,32,1000000
31.93250,15,12.0447,33,1000000
28.81844,16,12.0447,33,1000000
26.70438,17,12.0447,33,1000000
24.94125,18,12.0447,33,1000000
23.51703,19,12.0447,33,1000000
22.32719,20,12.0447,33,1000000
21.33625,21,12.0447,33,1000000
20.47969,22,12.0447,33,1000000
19.75313,23,12.0447,33,1000000
19.10656,24,12.0447,33,1000000
18.54219,25,12.0447,33,1000000
18.03672,26,12.0447,33,1000000
17.59344,27,12.0447,33,1000000
17.19906,28,12.0447,33,1000000
16.85578,29,12.0447,33,1000000
16.53359,30,12.0447,33,1000000
16.25031,31,12.0447,33,1000000
15.99812,32,12.0447,33,1000000
15.77594,33,12.0447,33,1000000
15.57484,34,12.0447,33,1000000
15.40266,35,12.0447,33,1000000
15.24156,36,12.0447,33,1000000
15.10047,37,12.0447,33,1000000
14.98883,38,12.0447,33,1000000
14.87828,39,12.0447,33,1000000
14.79719,40,12.0447,33,1000000
14.72664,41,12.0447,33,1000000
14.67609,42,12.0447,33,1000000
14.64609,43,12.0447,33,1000000
14.62555,44,12.0447,33,1000000
14.61346,45,12.0447,33,1000000
14.63105,46,12.0447,33,1000000
14.65372,47,12.0447,33,1000000
14.69862,48,12.0447,33,1000000
14.76339,49,12.0447,33,1000000
14.84661,50,12.0447,33,1000000
32.99000,15,11.0447,34,999900
30.10047,16,11.0447,34,1000000
27.68313,17,11.0447,34,1000000
25.77563,18,11.0447,34,1000000
24.25250,19,11.0447,34,1000000
23.00375,20,11.0447,34,1000000
21.96281,21,11.0447,34,1000000
21.06406,22,11.0447,34,1000000
20.29750,23,11.0447,34,1000000
19.62094,24,11.0447,34,1000000
19.02656,25,11.0447,34,1000000
18.51219,26,11.0447,34,1000000
18.04672,27,11.0447,34,1000000
17.63344,28,11.0447,34,1000000
17.27016,29,11.0447,34,1000000
16.94688,30,11.0447,34,1000000
16.65469,31,11.0447,34,1000000
16.39195,32,11.0447,34,1000000
16.15922,33,11.0447,34,1000000
15.94812,34,11.0447,34,1000000
15.76594,35,11.0447,34,1000000
15.60484,36,11.0447,34,1000000
15.46375,37,11.0447,34,1000000
15.33211,38,11.0447,34,1000000
15.23156,39,11.0447,34,1000000
15.14047,40,11.0447,34,1000000
15.06992,41,11.0447,34,1000000
15.01937,42,11.0447,34,1000000
14.98883,43,11.0447,34,1000000
14.96282,44,11.0447,34,1000000
14.96346,45,11.0447,34,1000000
14.97105,46,11.0447,34,1000000
15.00372,47,11.0447,34,1000000
15.04862,48,11.0447,34,1000000
15.12339,49,11.0447,34,1000000
34.91531,15,10.0447,35,1000000
31.25031,16,10.0447,35,1000000
28.69188,17,10.0447,35,1000000
26.66438,18,10.0447,35,1000000
25.05125,19,10.0447,35,1000000
23.71813,20,10.0447,35,1000000
22.59938,21,10.0447,35,1000000
21.66063,22,10.0447,35,1000000
20.84188,23,10.0447,35,1000000
20.14641,24,10.0447,35,1000000
19.53094,25,10.0447,35,1000000
18.98547,26,10.0447,35,1000000
18.50109,27,10.0447,35,1000000
18.07781,28,10.0447,35,1000000
17.69344,29,10.0447,35,1000000
17.36016,30,10.0447,35,1000000
17.04797,31,10.0447,35,1000000
16.77469,32,10.0447,35,1000000
16.53359,33,10.0447,35,1000000
16.32141,34,10.0447,35,1000000
16.12922,35,10.0447,35,1000000
15.96812,36,10.0447,35,1000000
15.81703,37,10.0447,35,1000000
15.68539,38,10.0447,35,1000000
15.58484,39,10.0447,35,1000000
15.49375,40,10.0447,35,1000000
15.42053,41,10.0447,35,1000000
15.36266,42,10.0447,35,1000000
15.33246,43,10.0447,35,1000000
15.31282,44,10.0447,35,1000000
15.30346,45,10.0447,35,1000000
15.32105,46,10.0447,35,1000000
15.35372,47,10.0447,35,1000000
15.40862,48,10.0447,35,1000000
36.55625,15,9.0447,36,1000000
32.62344,16,9.0447,36,1000000
29.75719,17,9.0447,36,1000000
27.57313,18,9.0447,36,1000000
25.84781,19,9.0447,36,1000000
24.44688,20,9.0447,36,1000000
23.26375,21,9.0447,36,1000000
22.26500,22,9.0447,36,1000000
21.41482,23,9.0447,36,1000000
20.68078,24,9.0447,36,1000000
20.03531,25,9.0447,36,1000000
19.45984,26,9.0447,36,1000000
18.96547,27,9.0447,36,1000000
18.52109,28,9.0447,36,1000000
18.12781,29,9.0447,36,1000000
17.77453,30,9.0447,36,1000000
17.46125,31,9.0447,36,1000000
17.17906,32,9.0447,36,1000000
16.92688,33,9.0447,36,1000000
16.70469,34,9.0447,36,1000000
16.50250,35,9.0447,36,1000000
16.33141,36,9.0447,36,1000000
16.17977,37,9.0447,36,1000000
16.04867,38,9.0447,36,1000000
15.93758,39,9.0447,36,1000000
15.84703,40,9.0447,36,1000000
15.76594,41,9.0447,36,1000000
15.71615,42,9.0447,36,1000000
15.68246,43,9.0447,36,1000000
15.66282,44,9.0447,36,1000000
15.65346,45,9.0447,36,1000000
15.67105,46,9.0447,36,1000000
15.70372,47,9.0447,36,1000000
38.33375,15,8.0447,37,1000000
34.00000,16,8.0447,37,1000000
30.82375,17,8.0447,37,1000000
28.53406,18,8.0447,37,1000000
26.68438,19,8.0447,37,1000000
25.18125,20,8.0447,37,1000000
23.94031,21,8.0447,37,1000000
22.89156,22,8.0447,37,1000000
21.99281,23,8.0447,37,1000000
21.22625,24,8.0447,37,1000000
20.54969,25,8.0447,37,1000000
19.95422,26,8.0447,37,1000000
19.42984,27,8.0447,37,1000000
18.97547,28,8.0447,37,1000000
18.56109,29,8.0447,37,1000000
18.18781,30,8.0447,37,1000000
17.86563,31,8.0447,37,1000000
17.57234,32,8.0447,37,1000000
17.31016,33,8.0447,37,1000000
17.08797,34,8.0447,37,1000000
16.87633,35,8.0447,37,1000000
16.69469,36,8.0447,37,1000000
16.54305,37,8.0447,37,1000000
16.40195,38,8.0447,37,1000000
16.29086,39,8.0447,37,1000000
16.20031,40,8.0447,37,1000000
16.11863,41,8.0447,37,1000000
16.06615,42,8.0447,37,1000000
16.03246,43,8.0447,37,1000000
16.01282,44,8.0447,37,1000000
16.01346,45,8.0447,37,1000000
16.03105,46,8.0447,37,1000000
40.46000,15,7.0447,38,1000000
35.45750,16,7.0447,38,1000000
32.05250,17,7.0447,38,1000000
29.53500,18,7.0447,38,1000000
27.54422,19,7.0447,38,1000000
25.95000,20,7.0447,38,1000000
24.63688,21,7.0447,38,1000000
23.52813,22,7.0447,38,1000000
22.59938,23,7.0447,38,1000000
21.78063,24,7.0447,38,1000000
21.07406,25,7.0447,38,1000000
20.45859,26,7.0447,38,1000000
19.91422,27,7.0447,38,1000000
19.42875,28,7.0447,38,1000000
19.00547,29,7.0447,38,1000000
18.62219,30,7.0447,38,1000000
18.27891,31,7.0447,38,1000000
17.97672,32,7.0447,38,1000000
17.70344,33,7.0447,38,1000000
17.47125,34,7.0447,38,1000000
17.25961,35,7.0447,38,1000000
17.06797,36,7.0447,38,1000000
16.90688,37,7.0447,38,1000000
16.76523,38,7.0447,38,1000000
16.65414,39,7.0447,38,1000000
16.55305,40,7.0447,38,1000000
16.47863,41,7.0447,38,1000000
16.41615,42,7.0447,38,1000000
16.38246,43,7.0447,38,1000000
16.36282,44,7.0447,38,1000000
16.36346,45,7.0447,38,1000000
42.44750,15,6.0447,39,1000000
37.03719,16,6.0447,39,1000000
33.22562,17,6.0447,39,1000000
30.54375,18,6.0447,39,1000000
28.44188,19,6.0447,39,1000000
26.75438,20,6.0447,39,1000000
25.37344,21,6.0447,39,1000000
24.19250,22,6.0447,39,1000000
23.20484,23,6.0447,39,1000000
22.34609,24,6.0447,39,1000000
21.60953,25,6.0447,39,1000000
20.96406,26,6.0447,39,1000000
20.39750,27,6.0447,39,1000000
19.89313,28,6.0447,39,1000000
19.44984,29,6.0447,39,1000000
19.05656,30,6.0447,39,1000000
18.70328,31,6.0447,39,1000000
18.38000,32,6.0447,39,1000000
18.10781,33,6.0447,39,1000000
17.85563,34,6.0447,39,1000000
17.64344,35,6.0447,39,1000000
17.45125,36,6.0447,39,1000000
17.28016,37,6.0447,39,1000000
17.13852,38,6.0447,39,1000000
17.01742,39,6.0447,39,1000000
16.91416,40,6.0447,39,1000000
16.83863,41,6.0447,39,1000000
16.77615,42,6.0447,39,1000000
16.74246,43,6.0447,39,1000000
16.72282,44,6.0447,39,1000000
44.92500,15,5.0447,40,1000000
38.72250,16,5.0447,40,1000000
34.63094,17,5.0447,40,1000000
31.55250,18,5.0447,40,1000000
29.38063,19,5.0447,40,1000000
27.58313,20,5.0447,40,1000000
26.09109,21,5.0447,40,1000000
24.85906,22,5.0447,40,1000000
23.83031,23,5.0447,40,1000000
22.93156,24,5.0447,40,1000000
22.15391,25,5.0447,40,1000000
21.47844,26,5.0447,40,1000000
20.89297,27,5.0447,40,1000000
20.35750,28,5.0447,40,1000000
19.90313,29,5.0447,40,1000000
19.48984,30,5.0447,40,1000000
19.12656,31,5.0447,40,1000000
18.79328,32,5.0447,40,1000000
18.51109,33,5.0447,40,1000000
18.24891,34,5.0447,40,1000000
18.02672,35,5.0447,40,1000000
17.82579,36,5.0447,40,1000000
17.65834,37,5.0447,40,1000000
17.50180,38,5.0447,40,1000000
17.37983,39,5.0447,40,1000000
17.27416,40,5.0447,40,1000000
17.19863,41,5.0447,40,1000000
17.13615,42,5.0447,40,1000000
17.10246,43,5.0447,40,1000000
46.86250,15,4.0447,41,1000000
40.55781,16,4.0447,41,1000000
36.03187,17,4.0447,41,1000000
32.81125,18,4.0447,41,1000000
30.38938,19,4.0447,41,1000000
28.35297,20,4.0447,41,1000000
26.85875,21,4.0447,41,1000000
25.55563,22,4.0447,41,1000000
24.46469,23,4.0447,41,1000000
23.52703,24,4.0447,41,1000000
22.71938,25,4.0447,41,1000000
22.00281,26,4.0447,41,1000000
21.38734,27,4.0447,41,1000000
20.84188,28,4.0447,41,1000000
20.35859,29,4.0447,41,1000000
19.93313,30,4.0447,41,1000000
19.54984,31,4.0447,41,1000000
19.21766,32,4.0447,41,1000000
18.91438,33,4.0447,41,1000000
18.65219,34,4.0447,41,1000000
18.41000,35,4.0447,41,1000000
18.20781,36,4.0447,41,1000000
18.03672,37,4.0447,41,1000000
17.88321,38,4.0447,41,1000000
17.74983,39,4.0447,41,1000000
17.64416,40,4.0447,41,1000000
17.55863,41,4.0447,41,1000000
17.50615,42,4.0447,41,1000000
50.58750,15,3.0447,42,1000000
42.62750,16,3.0447,42,1000000
37.53500,17,3.0447,42,1000000
34.02000,18,3.0447,42,1000000
31.31813,19,3.0447,42,1000000
29.31063,20,3.0447,42,1000000
27.64531,21,3.0447,42,1000000
26.27328,22,3.0447,42,1000000
25.11125,23,3.0447,42,1000000
24.12305,24,3.0447,42,1000000
23.27375,25,3.0447,42,1000000
22.53719,26,3.0447,42,1000000
21.89172,27,3.0447,42,1000000
21.32734,28,3.0447,42,1000000
20.82188,29,3.0447,42,1000000
20.37859,30,3.0447,42,1000000
19.98422,31,3.0447,42,1000000
19.63094,32,3.0447,42,1000000
19.32875,33,3.0447,42,1000000
19.04547,34,3.0447,42,1000000
18.81328,35,3.0447,42,1000000
18.60219,36,3.0447,42,1000000
18.41000,37,3.0447,42,1000000
18.25321,38,3.0447,42,1000000
18.11983,39,3.0447,42,1000000
18.01416,40,3.0447,42,1000000
17.92863,41,3.0447,42,1000000
53.45250,15,2.0447,43,1000000
44.40500,16,2.0447,43,1000000
39.28250,17,2.0447,43,1000000
35.29312,18,2.0447,43,1000000
32.44804,19,2.0447,43,1000000
30.23938,20,2.0447,43,1000000
28.45188,21,2.0447,43,1000000
27.01875,22,2.0447,43,1000000
25.77982,23,2.0447,43,1000000
24.75797,24,2.0447,43,1000000
23.86031,25,2.0447,43,1000000
23.08266,26,2.0447,43,1000000
22.41020,27,2.0447,43,1000000
21.82063,28,2.0447,43,1000000
21.29625,29,2.0447,43,1000000
20.83188,30,2.0447,43,1000000
20.42859,31,2.0447,43,1000000
20.06531,32,2.0447,43,1000000
19.74203,33,2.0447,43,1000000
19.45704,34,2.0447,43,1000000
19.20766,35,2.0447,43,1000000
18.98547,36,2.0447,43,1000000
18.80281,37,2.0447,43,1000000
18.63321,38,2.0447,43,1000000
18.49983,39,2.0447,43,1000000
18.39416,40,2.0447,43,1000000
58.76172,15,1.0447,44,999900
46.86250,16,1.0447,44,1000000
40.91219,17,1.0447,44,1000000
36.65844,18,1.0447,44,1000000
33.51000,19,1.0447,44,1000000
31.18858,20,1.0447,44,1000000
29.30063,21,1.0447,44,1000000
27.76531,22,1.0447,44,1000000
26.47438,23,1.0447,44,1000000
25.39344,24,1.0447,44,1000000
24.45469,25,1.0447,44,1000000
23.64813,26,1.0447,44,1000000
22.94156,27,1.0447,44,1000000
22.32500,28,1.0447,44,1000000
21.78063,29,1.0447,44,1000000
21.29625,30,1.0447,44,1000000
20.87188,31,1.0447,44,1000000
20.49859,32,1.0447,44,1000000
20.16641,33,1.0447,44,1000000
19.87313,34,1.0447,44,1000000
19.61094,35,1.0447,44,1000000
19.39046,36,1.0447,44,1000000
19.19281,37,1.0447,44,1000000
19.02321,38,1.0447,44,1000000
18.87983,39,1.0447,44,1000000
62.65562,15,0.0447,45,1000000
49.92969,16,0.0447,45,999900
42.53750,17,0.0447,45,1000000
38.12156,18,0.0447,45,1000000
34.73875,19,0.0447,45,1000000
32.14688,20,0.0447,45,1000000
30.14938,21,0.0447,45,1000000
28.54297,22,0.0447,45,1000000
27.18875,23,0.0447,45,1000000
26.04000,24,0.0447,45,1000000
25.06125,25,0.0447,45,1000000
24.21250,26,0.0447,45,1000000
23.47594,27,0.0447,45,1000000
22.84047,28,0.0447,45,1000000
22.26500,29,0.0447,45,1000000
21.77063,30,0.0447,45,1000000
21.32625,31,0.0447,45,1000000
20.93297,32,0.0447,45,1000000
20.58969,33,0.0447,45,1000000
20.28625,34,0.0447,45,1000000
20.01477,35,0.0447,45,1000000
19.79046,36,0.0447,45,1000000
19.58281,37,0.0447,45,1000000
19.41321,38,0.0447,45,1000000
